-- MySQL Script generated by MySQL Workbench
-- Wed May  5 12:37:55 2021
-- Model: New Model    Version: 1.0
-- MySQL Workbench Forward Engineering

SET @OLD_UNIQUE_CHECKS=@@UNIQUE_CHECKS, UNIQUE_CHECKS=0;
SET @OLD_FOREIGN_KEY_CHECKS=@@FOREIGN_KEY_CHECKS, FOREIGN_KEY_CHECKS=0;
SET @OLD_SQL_MODE=@@SQL_MODE, SQL_MODE='TRADITIONAL,ALLOW_INVALID_DATES';

-- -----------------------------------------------------
-- Schema eif209_2021_01
-- -----------------------------------------------------
DROP SCHEMA IF EXISTS `eif209_2021_01` ;

-- -----------------------------------------------------
-- Schema eif209_2021_01
-- -----------------------------------------------------
CREATE SCHEMA IF NOT EXISTS `eif209_2021_01` DEFAULT CHARACTER SET utf8mb4 COLLATE utf8mb4_spanish_ci ;
USE `eif209_2021_01` ;

-- -----------------------------------------------------
-- Table `eif209_2021_01`.`area_tematica`
-- -----------------------------------------------------
DROP TABLE IF EXISTS `eif209_2021_01`.`area_tematica` ;

CREATE TABLE IF NOT EXISTS `eif209_2021_01`.`area_tematica` (
  `id_area` INT NOT NULL,
  `descripcion` VARCHAR(45) NULL,
  PRIMARY KEY (`id_area`))
ENGINE = InnoDB;


-- -----------------------------------------------------
-- Table `eif209_2021_01`.`curso`
-- -----------------------------------------------------
DROP TABLE IF EXISTS `eif209_2021_01`.`curso` ;

CREATE TABLE IF NOT EXISTS `eif209_2021_01`.`curso` (
  `id_curso` INT NOT NULL,
  `descripcion` VARCHAR(45) NOT NULL,
  `area_tematica_id` INT NOT NULL,
  `promocion` TINYINT NOT NULL DEFAULT 0,
  PRIMARY KEY (`id_curso`),
  INDEX `fk_curso_area_tematica1_idx` (`area_tematica_id` ASC),
  CONSTRAINT `fk_curso_area_tematica1`
    FOREIGN KEY (`area_tematica_id`)
    REFERENCES `eif209_2021_01`.`area_tematica` (`id_area`)
    ON DELETE NO ACTION
    ON UPDATE NO ACTION)
ENGINE = InnoDB;


-- -----------------------------------------------------
-- Table `eif209_2021_01`.`rol`
-- -----------------------------------------------------
DROP TABLE IF EXISTS `eif209_2021_01`.`rol` ;

CREATE TABLE IF NOT EXISTS `eif209_2021_01`.`rol` (
  `id_rol` INT NOT NULL,
  `descripcion` VARCHAR(45) NOT NULL,
  PRIMARY KEY (`id_rol`))
ENGINE = InnoDB;


-- -----------------------------------------------------
-- Table `eif209_2021_01`.`usuario`
-- -----------------------------------------------------
DROP TABLE IF EXISTS `eif209_2021_01`.`usuario` ;

CREATE TABLE IF NOT EXISTS `eif209_2021_01`.`usuario` (
  `id_usuario` VARCHAR(45) NOT NULL,
  `rol_id` INT NOT NULL,
  `clave` VARCHAR(45) NOT NULL,
  `ultimo_aceso` TIMESTAMP NOT NULL,
  `activo` TINYINT NOT NULL,
  PRIMARY KEY (`id_usuario`, `rol_id`),
  INDEX `fk_usuario_rol_idx` (`rol_id` ASC),
  CONSTRAINT `fk_usuario_rol`
    FOREIGN KEY (`rol_id`)
    REFERENCES `eif209_2021_01`.`rol` (`id_rol`)
    ON DELETE NO ACTION
    ON UPDATE NO ACTION)
ENGINE = InnoDB;


-- -----------------------------------------------------
-- Table `eif209_2021_01`.`profesor`
-- -----------------------------------------------------
DROP TABLE IF EXISTS `eif209_2021_01`.`profesor` ;

CREATE TABLE IF NOT EXISTS `eif209_2021_01`.`profesor` (
  `id_profesor` INT NOT NULL,
  `usuario_id` VARCHAR(45) NOT NULL,
  `apellido1` VARCHAR(45) NOT NULL,
  `apellido2` VARCHAR(45) NOT NULL,
  `nombre` VARCHAR(45) NOT NULL,
  `telefono` VARCHAR(45) NOT NULL,
  `e_mail` VARCHAR(45) NOT NULL,
  PRIMARY KEY (`id_profesor`),
  INDEX `fk_profesor_usuario1_idx` (`usuario_id` ASC),
  CONSTRAINT `fk_profesor_usuario1`
    FOREIGN KEY (`usuario_id`)
    REFERENCES `eif209_2021_01`.`usuario` (`id_usuario`)
    ON DELETE NO ACTION
    ON UPDATE NO ACTION)
ENGINE = InnoDB;


-- -----------------------------------------------------
-- Table `eif209_2021_01`.`grupo`
-- -----------------------------------------------------
DROP TABLE IF EXISTS `eif209_2021_01`.`grupo` ;

CREATE TABLE IF NOT EXISTS `eif209_2021_01`.`grupo` (
  `num_grupo` INT NOT NULL,
  `curso_id` INT NOT NULL,
  `profesor_id` INT NOT NULL,
  `promocion` TINYINT NOT NULL DEFAULT 0,
  PRIMARY KEY (`num_grupo`, `curso_id`),
  INDEX `fk_grupo_curso1_idx` (`curso_id` ASC),
  INDEX `fk_grupo_profesor1_idx` (`profesor_id` ASC),
  CONSTRAINT `fk_grupo_curso1`
    FOREIGN KEY (`curso_id`)
    REFERENCES `eif209_2021_01`.`curso` (`id_curso`)
    ON DELETE NO ACTION
    ON UPDATE NO ACTION,
  CONSTRAINT `fk_grupo_profesor1`
    FOREIGN KEY (`profesor_id`)
    REFERENCES `eif209_2021_01`.`profesor` (`id_profesor`)
    ON DELETE NO ACTION
    ON UPDATE NO ACTION)
ENGINE = InnoDB;


-- -----------------------------------------------------
-- Table `eif209_2021_01`.`estudiante`
-- -----------------------------------------------------
DROP TABLE IF EXISTS `eif209_2021_01`.`estudiante` ;

CREATE TABLE IF NOT EXISTS `eif209_2021_01`.`estudiante` (
  `id_estudiante` INT NOT NULL,
  `usuario_id` VARCHAR(45) NOT NULL,
  `apellido1` VARCHAR(45) NOT NULL,
  `apellido2` VARCHAR(45) NOT NULL,
  `nombre` VARCHAR(45) NOT NULL,
  `telefono` VARCHAR(45) NOT NULL,
  `e_mail` VARCHAR(45) NOT NULL,
  PRIMARY KEY (`id_estudiante`),
  INDEX `fk_estudiante_usuario1_idx` (`usuario_id` ASC),
  CONSTRAINT `fk_estudiante_usuario1`
    FOREIGN KEY (`usuario_id`)
    REFERENCES `eif209_2021_01`.`usuario` (`id_usuario`)
    ON DELETE NO ACTION
    ON UPDATE NO ACTION)
ENGINE = InnoDB;


-- -----------------------------------------------------
-- Table `eif209_2021_01`.`estado`
-- -----------------------------------------------------
DROP TABLE IF EXISTS `eif209_2021_01`.`estado` ;

CREATE TABLE IF NOT EXISTS `eif209_2021_01`.`estado` (
  `id_estado` INT NOT NULL,
  `descripcion` VARCHAR(45) NOT NULL,
  PRIMARY KEY (`id_estado`))
ENGINE = InnoDB;


-- -----------------------------------------------------
-- Table `eif209_2021_01`.`matricula`
-- -----------------------------------------------------
DROP TABLE IF EXISTS `eif209_2021_01`.`matricula` ;

CREATE TABLE IF NOT EXISTS `eif209_2021_01`.`matricula` (
  `estudiante_id` INT NOT NULL,
  `grupo_num` INT NOT NULL,
  `curso_id` INT NOT NULL,
  `estado_id` INT NOT NULL,
  `nota` INT NOT NULL,
  PRIMARY KEY (`estudiante_id`, `grupo_num`, `curso_id`),
  INDEX `fk_matricula_grupo1_idx` (`grupo_num` ASC, `curso_id` ASC),
  INDEX `fk_matricula_estado1_idx` (`estado_id` ASC),
  CONSTRAINT `fk_matricula_estudiante1`
    FOREIGN KEY (`estudiante_id`)
    REFERENCES `eif209_2021_01`.`estudiante` (`id_estudiante`)
    ON DELETE NO ACTION
    ON UPDATE NO ACTION,
  CONSTRAINT `fk_matricula_grupo1`
    FOREIGN KEY (`grupo_num` , `curso_id`)
    REFERENCES `eif209_2021_01`.`grupo` (`num_grupo` , `curso_id`)
    ON DELETE NO ACTION
    ON UPDATE NO ACTION,
  CONSTRAINT `fk_matricula_estado1`
    FOREIGN KEY (`estado_id`)
    REFERENCES `eif209_2021_01`.`estado` (`id_estado`)
    ON DELETE NO ACTION
    ON UPDATE NO ACTION)
ENGINE = InnoDB;


-- -----------------------------------------------------
-- Table `eif209_2021_01`.`administrador`
-- -----------------------------------------------------
DROP TABLE IF EXISTS `eif209_2021_01`.`administrador` ;

CREATE TABLE IF NOT EXISTS `eif209_2021_01`.`administrador` (
  `id_administrador` INT NOT NULL,
  `usuario_id` VARCHAR(45) NOT NULL,
  `apellido1` VARCHAR(45) NOT NULL,
  `apellido2` VARCHAR(45) NOT NULL,
  `nombre` VARCHAR(45) NOT NULL,
  `telefono` VARCHAR(45) NOT NULL,
  `e_mail` VARCHAR(45) NOT NULL,
  PRIMARY KEY (`id_administrador`),
  INDEX `fk_administrador_usuario1_idx` (`usuario_id` ASC),
  CONSTRAINT `fk_administrador_usuario1`
    FOREIGN KEY (`usuario_id`)
    REFERENCES `eif209_2021_01`.`usuario` (`id_usuario`)
    ON DELETE NO ACTION
    ON UPDATE NO ACTION)
ENGINE = InnoDB;


-- -----------------------------------------------------
-- Table `eif209_2021_01`.`especialidad`
-- -----------------------------------------------------
DROP TABLE IF EXISTS `eif209_2021_01`.`especialidad` ;

CREATE TABLE IF NOT EXISTS `eif209_2021_01`.`especialidad` (
  `profesor_id_profesor` INT NOT NULL,
  `area_tematica_id` INT NOT NULL,
  PRIMARY KEY (`profesor_id_profesor`, `area_tematica_id`),
  INDEX `fk_especialidad_area_tematica1_idx` (`area_tematica_id` ASC),
  CONSTRAINT `fk_especialidad_profesor1`
    FOREIGN KEY (`profesor_id_profesor`)
    REFERENCES `eif209_2021_01`.`profesor` (`id_profesor`)
    ON DELETE NO ACTION
    ON UPDATE NO ACTION,
  CONSTRAINT `fk_especialidad_area_tematica1`
    FOREIGN KEY (`area_tematica_id`)
    REFERENCES `eif209_2021_01`.`area_tematica` (`id_area`)
    ON DELETE NO ACTION
    ON UPDATE NO ACTION)
ENGINE = InnoDB;


-- -----------------------------------------------------
-- Table `eif209_2021_01`.`horario`
-- -----------------------------------------------------
DROP TABLE IF EXISTS `eif209_2021_01`.`horario` ;

CREATE TABLE IF NOT EXISTS `eif209_2021_01`.`horario` (
  `seq` INT NOT NULL AUTO_INCREMENT,
  `grupo_num` INT NOT NULL,
  `grupo_curso_id` INT NOT NULL,
  `dia` INT NOT NULL,
  `hora` INT NOT NULL,
  PRIMARY KEY (`seq`, `grupo_num`, `grupo_curso_id`),
  INDEX `fk_horario_grupo1_idx` (`grupo_num` ASC, `grupo_curso_id` ASC),
  CONSTRAINT `fk_horario_grupo1`
    FOREIGN KEY (`grupo_num` , `grupo_curso_id`)
    REFERENCES `eif209_2021_01`.`grupo` (`num_grupo` , `curso_id`)
    ON DELETE NO ACTION
    ON UPDATE NO ACTION)
ENGINE = InnoDB;


SET SQL_MODE=@OLD_SQL_MODE;
SET FOREIGN_KEY_CHECKS=@OLD_FOREIGN_KEY_CHECKS;
SET UNIQUE_CHECKS=@OLD_UNIQUE_CHECKS;

insert into eif209_2021_01.rol (id_rol, descripcion) values (1, "Administrador");
insert into eif209_2021_01.rol (id_rol, descripcion) values (2, "Profesor");
insert into eif209_2021_01.rol (id_rol, descripcion) values (3, "Estudiante");

insert into eif209_2021_01.area_tematica (id_area, descripcion) values (1, "Informática");
insert into eif209_2021_01.area_tematica (id_area, descripcion) values (2, "Matemática");
insert into eif209_2021_01.area_tematica (id_area, descripcion) values (3, "Administración");

insert into eif209_2021_01.curso (id_curso, descripcion, area_tematica_id, promocion) 
values (1, "Programacion IV", 1, 1);
insert into eif209_2021_01.curso (id_curso, descripcion, area_tematica_id, promocion) 
values (2, "Programacion III", 1, 0);
insert into eif209_2021_01.curso (id_curso, descripcion, area_tematica_id, promocion) 
values (3, "Programacion II", 1, 1);
insert into eif209_2021_01.curso (id_curso, descripcion, area_tematica_id, promocion) 
values (4, "Programacion I", 1, 1);

insert into eif209_2021_01.curso (id_curso, descripcion, area_tematica_id, promocion) 
values (5, "Álgebra lineal", 2, 0);
insert into eif209_2021_01.curso (id_curso, descripcion, area_tematica_id, promocion) 
values (6, "Matemática para informática", 2, 1);
insert into eif209_2021_01.curso (id_curso, descripcion, area_tematica_id, promocion) 
values (7, "Probabilidad y estadistica", 2, 0);
insert into eif209_2021_01.curso (id_curso, descripcion, area_tematica_id, promocion) 
values (8, "Cálculo I", 2, 1);

insert into eif209_2021_01.curso (id_curso, descripcion, area_tematica_id, promocion) 
values (9, "Organización y su entorno", 3, 0);
insert into eif209_2021_01.curso (id_curso, descripcion, area_tematica_id, promocion) 
values (10, "Liderazgo", 3, 1); 

insert into eif209_2021_01.estado (id_estado, descripcion) values (1, "Aprobado");
insert into eif209_2021_01.estado (id_estado, descripcion) values (2, "Extraordinario");
insert into eif209_2021_01.estado (id_estado, descripcion) values (3, "Reprobado");
insert into eif209_2021_01.estado (id_estado, descripcion) values (4, "Sin asignar");

insert into eif209_2021_01.usuario 
(id_usuario, rol_id, clave, ultimo_aceso, activo)
values ("admin", 1, "VRRA", '2013-07-15 20:44:11', 0);

insert into eif209_2021_01.administrador 
(id_administrador, usuario_id, apellido1, apellido2, nombre, telefono, e_mail) 
values 
(111222333, "admin", "Reyes", "Hernandez", "Fernanda", 86549861, "fer.reina@email.com");

insert into eif209_2021_01.usuario 
(id_usuario, rol_id, clave, ultimo_aceso, activo)
values ("profe2", 2, "MaUr", '2013-07-15 20:44:11', 0);

insert into eif209_2021_01.profesor 
(id_profesor, usuario_id, apellido1, apellido2, nombre, telefono, e_mail) 
values 
(222222222, "profe2", "Elizondo", "Alvarado", "Muricio", 86549861, "mauricio.elizondo@email.com");

insert into eif209_2021_01.usuario 
(id_usuario, rol_id, clave, ultimo_aceso, activo)
values ("profe1", 2, "MkOp", '2013-07-15 20:44:11', 0);

insert into eif209_2021_01.profesor 
(id_profesor, usuario_id, apellido1, apellido2, nombre, telefono, e_mail) 
values 
(111111111, "profe1", "Fernandez", "Jimenez", "Marianela", 86849821, "mari.nela@email.com");

insert into eif209_2021_01.usuario 
(id_usuario, rol_id, clave, ultimo_aceso, activo)
values ("profe3", 2, "LoPe", '2013-07-15 20:44:11', 0);

insert into eif209_2021_01.profesor 
(id_profesor, usuario_id, apellido1, apellido2, nombre, telefono, e_mail) 
values 
(333333333, "profe3", "Ramirez", "Jimenez", "Carlos", 86849231, "carlitos.ra@email.com");

insert into eif209_2021_01.especialidad 
(profesor_id_profesor, area_tematica_id)
values (111111111, 1);

insert into eif209_2021_01.especialidad 
(profesor_id_profesor, area_tematica_id)
values (222222222, 2);

insert into eif209_2021_01.especialidad 
(profesor_id_profesor, area_tematica_id)
values (333333333, 3);

insert into eif209_2021_01.usuario 
(id_usuario, rol_id, clave, ultimo_aceso, activo)
values ("est1", 3, "MnJi", '2013-07-15 20:44:11', 0);

insert into eif209_2021_01.estudiante 
(id_estudiante, usuario_id, apellido1, apellido2, nombre, telefono, e_mail) 
values 
(111111222, "est1", "Miranda", "Alvarado", "Karla", 76549861, "karlita.miranda@email.com");

insert into eif209_2021_01.usuario 
(id_usuario, rol_id, clave, ultimo_aceso, activo)
values ("est2", 2, "OpKj", '2013-07-15 20:44:11', 0);

insert into eif209_2021_01.estudiante 
(id_estudiante, usuario_id, apellido1, apellido2, nombre, telefono, e_mail) 
values 
(222222111, "est2", "Fernandez", "Alvarado", "Juan", 76849821, "juan.cito@email.com");

insert into eif209_2021_01.usuario 
(id_usuario, rol_id, clave, ultimo_aceso, activo)
values ("est3", 2, "MnJu", '2013-07-15 20:44:11', 0);

insert into eif209_2021_01.estudiante 
(id_estudiante, usuario_id, apellido1, apellido2, nombre, telefono, e_mail) 
values 
(333333111, "est3", "Zamora", "Jimenez", "Harry", 76849231, "harry.potter@email.com");
